{"cameraMode":{"drawMode":0,"name":"Shaded","section":"Shading Mode"},"sceneLighting":false,"audioPlay":false,"sceneViewState":{"showFog":true,"showMaterialUpdate":false,"showSkybox":false,"showFlares":true,"showImageEffects":true,"showParticleSystems":true},"in2DMode":false,"pivot":{"x":-19.653244018554689,"y":2.863680362701416,"z":10.699386596679688},"rotation":{"x":-0.05599058046936989,"y":0.6913756132125855,"z":-0.05421864613890648,"w":-0.7185884118080139},"size":10.07792854309082,"orthographic":false}