{"cameraMode":{"drawMode":0,"name":"Shaded","section":"Shading Mode"},"sceneLighting":true,"audioPlay":false,"sceneViewState":{"showFog":true,"showMaterialUpdate":false,"showSkybox":true,"showFlares":true,"showImageEffects":true,"showParticleSystems":true},"in2DMode":false,"pivot":{"x":-15.577412605285645,"y":25.185081481933595,"z":109.56273651123047},"rotation":{"x":-0.043939948081970218,"y":-0.9275534152984619,"z":0.35115116834640505,"w":-0.1246759295463562},"size":51.66575622558594,"orthographic":false}