{"cameraMode":{"drawMode":0,"name":"Shaded","section":"Shading Mode"},"sceneLighting":true,"audioPlay":false,"sceneViewState":{"showFog":true,"showMaterialUpdate":false,"showSkybox":true,"showFlares":true,"showImageEffects":true,"showParticleSystems":true},"in2DMode":false,"pivot":{"x":5.3836517333984379,"y":1.1678097248077393,"z":0.0000362396240234375},"rotation":{"x":-0.4485319256782532,"y":-0.07305779308080673,"z":0.03681954741477966,"w":-0.8900163769721985},"size":25.802032470703126,"orthographic":false}