{"cameraMode":{"drawMode":0,"name":"Shaded","section":"Shading Mode"},"sceneLighting":true,"audioPlay":false,"sceneViewState":{"showFog":true,"showMaterialUpdate":false,"showSkybox":false,"showFlares":true,"showImageEffects":true,"showParticleSystems":true},"in2DMode":false,"pivot":{"x":637.75927734375,"y":176.86526489257813,"z":-32.63720703125},"rotation":{"x":0.043474067002534869,"y":0.023973826318979265,"z":-0.0010413567069917918,"w":0.9987733364105225},"size":868.0487060546875,"orthographic":false}