{"cameraMode":{"drawMode":0,"name":"Shaded","section":"Shading Mode"},"sceneLighting":false,"audioPlay":false,"sceneViewState":{"showFog":true,"showMaterialUpdate":false,"showSkybox":false,"showFlares":true,"showImageEffects":true,"showParticleSystems":true},"in2DMode":false,"pivot":{"x":6.139999866485596,"y":8.697371482849121,"z":-0.34999990463256838},"rotation":{"x":-0.4485319256782532,"y":-0.07305779308080673,"z":0.03681954741477966,"w":-0.8900163769721985},"size":28.188156127929689,"orthographic":false}