{"cameraMode":{"drawMode":0,"name":"Shaded","section":"Shading Mode"},"sceneLighting":true,"audioPlay":false,"sceneViewState":{"showFog":true,"showMaterialUpdate":false,"showSkybox":false,"showFlares":true,"showImageEffects":true,"showParticleSystems":true},"in2DMode":false,"pivot":{"x":567.7608642578125,"y":189.896728515625,"z":-32.815185546875},"rotation":{"x":0.03146900609135628,"y":-0.0404704250395298,"z":0.0012778665404766799,"w":0.998690664768219},"size":990.0211181640625,"orthographic":false}