{"cameraMode":{"drawMode":0,"name":"Shaded","section":"Shading Mode"},"sceneLighting":false,"audioPlay":false,"sceneViewState":{"showFog":true,"showMaterialUpdate":false,"showSkybox":false,"showFlares":true,"showImageEffects":true,"showParticleSystems":true},"in2DMode":false,"pivot":{"x":-3.585449695587158,"y":2.961541175842285,"z":115.65108489990235},"rotation":{"x":0.19308724999427796,"y":-0.7988538146018982,"z":0.33254462480545046,"w":0.4636404514312744},"size":8.101134300231934,"orthographic":false}