{"cameraMode":{"drawMode":0,"name":"Shaded","section":"Shading Mode"},"sceneLighting":false,"audioPlay":false,"sceneViewState":{"showFog":true,"showMaterialUpdate":false,"showSkybox":false,"showFlares":true,"showImageEffects":true,"showParticleSystems":true},"in2DMode":false,"pivot":{"x":2.4671669006347658,"y":1.8326148986816407,"z":1.05918550491333},"rotation":{"x":-0.0962776467204094,"y":0.9034165740013123,"z":-0.2827388346195221,"w":-0.30762580037117007},"size":7.085063457489014,"orthographic":false}