{"cameraMode":{"drawMode":0,"name":"Shaded","section":"Shading Mode"},"sceneLighting":false,"audioPlay":false,"sceneViewState":{"showFog":true,"showMaterialUpdate":false,"showSkybox":false,"showFlares":true,"showImageEffects":true,"showParticleSystems":true},"in2DMode":false,"pivot":{"x":18.548627853393556,"y":1.8345446586608887,"z":138.36044311523438},"rotation":{"x":-0.019360259175300599,"y":0.8395774960517883,"z":-0.5420718193054199,"w":-0.02998478338122368},"size":6.564540863037109,"orthographic":false}