{"cameraMode":{"drawMode":0,"name":"Shaded","section":"Shading Mode"},"sceneLighting":false,"audioPlay":false,"sceneViewState":{"showFog":true,"showMaterialUpdate":false,"showSkybox":false,"showFlares":true,"showImageEffects":true,"showParticleSystems":true},"in2DMode":false,"pivot":{"x":17.979999542236329,"y":1.1242095232009888,"z":137.63999938964845},"rotation":{"x":-0.0962776467204094,"y":0.9034165740013123,"z":-0.2827388346195221,"w":-0.30762580037117007},"size":9.488059043884278,"orthographic":false}