{"cameraMode":{"drawMode":0,"name":"Shaded","section":"Shading Mode"},"sceneLighting":false,"audioPlay":false,"sceneViewState":{"showFog":true,"showMaterialUpdate":false,"showSkybox":false,"showFlares":true,"showImageEffects":true,"showParticleSystems":true},"in2DMode":false,"pivot":{"x":5.635534763336182,"y":4.345932960510254,"z":-1.2207298278808594},"rotation":{"x":-0.0025280199479311706,"y":0.9763066172599793,"z":-0.21607673168182374,"w":-0.011422372423112393},"size":30.13718605041504,"orthographic":false}