{"cameraMode":{"drawMode":0,"name":"Shaded","section":"Shading Mode"},"sceneLighting":true,"audioPlay":false,"sceneViewState":{"showFog":true,"showMaterialUpdate":false,"showSkybox":true,"showFlares":true,"showImageEffects":true,"showParticleSystems":true},"in2DMode":false,"pivot":{"x":4.144084453582764,"y":1.0,"z":-25.74115562438965},"rotation":{"x":-0.4154466688632965,"y":-0.04527350515127182,"z":0.020709682255983354,"w":-0.9082565903663635},"size":30.602069854736329,"orthographic":true}