{"cameraMode":{"drawMode":0,"name":"Shaded","section":"Shading Mode"},"sceneLighting":true,"audioPlay":false,"sceneViewState":{"showFog":true,"showMaterialUpdate":false,"showSkybox":true,"showFlares":true,"showImageEffects":true,"showParticleSystems":true},"in2DMode":false,"pivot":{"x":0.6007832288742065,"y":1.3170517683029175,"z":0.3537246584892273},"rotation":{"x":-0.13459326326847077,"y":0.005629309453070164,"z":-0.0008072429918684065,"w":-0.9909166097640991},"size":35.8708381652832,"orthographic":false}