{"cameraMode":{"drawMode":0,"name":"Shaded","section":"Shading Mode"},"sceneLighting":true,"audioPlay":false,"sceneViewState":{"showFog":true,"showMaterialUpdate":false,"showSkybox":true,"showFlares":true,"showImageEffects":true,"showParticleSystems":true},"in2DMode":false,"pivot":{"x":12.657638549804688,"y":1.1185539960861207,"z":-1.8013168573379517},"rotation":{"x":-0.05721556395292282,"y":0.9075890183448792,"z":-0.13160361349582673,"w":-0.39457637071609499},"size":29.869020462036134,"orthographic":true}