{"cameraMode":{"drawMode":0,"name":"Shaded","section":"Shading Mode"},"sceneLighting":false,"audioPlay":false,"sceneViewState":{"showFog":true,"showMaterialUpdate":false,"showSkybox":false,"showFlares":true,"showImageEffects":true,"showParticleSystems":true},"in2DMode":false,"pivot":{"x":-0.008731842041015625,"y":1.6054763793945313,"z":-0.14731192588806153},"rotation":{"x":-0.1798686385154724,"y":0.6769217252731323,"z":-0.1760188788175583,"w":-0.6917099356651306},"size":10.080071449279786,"orthographic":false}