{"cameraMode":{"drawMode":0,"name":"Shaded","section":"Shading Mode"},"sceneLighting":true,"audioPlay":false,"sceneViewState":{"showFog":true,"showMaterialUpdate":false,"showSkybox":true,"showFlares":true,"showImageEffects":true,"showParticleSystems":true},"in2DMode":false,"pivot":{"x":-102.37000274658203,"y":2.8299999237060549,"z":235.60000610351563},"rotation":{"x":-0.4642724096775055,"y":0.5284211039543152,"z":-0.4388715624809265,"w":-0.5591831207275391},"size":9.868724822998047,"orthographic":false}