{"cameraMode":{"drawMode":0,"name":"Shaded","section":"Shading Mode"},"sceneLighting":false,"audioPlay":false,"sceneViewState":{"showFog":true,"showMaterialUpdate":false,"showSkybox":false,"showFlares":true,"showImageEffects":true,"showParticleSystems":true},"in2DMode":false,"pivot":{"x":11.410566329956055,"y":6.491266250610352,"z":-0.8737545013427734},"rotation":{"x":-0.26332327723503115,"y":0.06043470278382301,"z":-0.016525957733392717,"w":-0.9626796245574951},"size":24.62632942199707,"orthographic":false}