{"cameraMode":{"drawMode":0,"name":"Shaded","section":"Shading Mode"},"sceneLighting":true,"audioPlay":false,"sceneViewState":{"showFog":true,"showMaterialUpdate":false,"showSkybox":true,"showFlares":true,"showImageEffects":true,"showParticleSystems":true},"in2DMode":false,"pivot":{"x":6.880000114440918,"y":2.8299999237060549,"z":17.100006103515626},"rotation":{"x":-0.2622634470462799,"y":0.7357508540153503,"z":-0.4716382622718811,"w":-0.4092899262905121},"size":19.571102142333986,"orthographic":false}